Book	Unit	Count	Url
Nhà của Cáo N5	1	32	NhaCuaCaoN5/Unit0001.tsv
Nhà của Cáo N5	2	23	NhaCuaCaoN5/Unit0002.tsv
Nhà của Cáo N5	3	38	NhaCuaCaoN5/Unit0003.tsv
Nhà của Cáo N5	4	47	NhaCuaCaoN5/Unit0004.tsv
Nhà của Cáo N5	5	33	NhaCuaCaoN5/Unit0005.tsv
Dekiru Nihongo Sơ cấp	1	103	Dekiru1/Unit0001.tsv
Dekiru Nihongo Sơ trung cấp	1	67	Dekiru2/Unit0001.tsv
Dekiru Nihongo Sơ trung cấp	2	85	Dekiru2/Unit0002.tsv
Dekiru Nihongo Sơ trung cấp	3	108	Dekiru2/Unit0003.tsv
Dekiru Nihongo Sơ trung cấp	4	62	Dekiru2/Unit0004.tsv
Dekiru Nihongo Sơ trung cấp	5	67	Dekiru2/Unit0005.tsv
Dekiru Nihongo Sơ trung cấp	6	61	Dekiru2/Unit0006.tsv
Dekiru Nihongo Sơ trung cấp	7	79	Dekiru2/Unit0007.tsv
Dekiru Nihongo Sơ trung cấp	8	43	Dekiru2/Unit0008.tsv
Dekiru Nihongo Sơ trung cấp	9	111	Dekiru2/Unit0009.tsv
Hajimete N1	1	61	HajimeteN1/Unit0001.tsv
Hajimete N1	2	35	HajimeteN1/Unit0002.tsv